2026-09-27 15:42:37,120:WARNING:
'cuml' is a soft dependency and not included in the pycaret installation. Please run: `pip install cuml` to install.
2026-09-27 15:42:37,120:WARNING:
'cuml' is a soft dependency and not included in the pycaret installation. Please run: `pip install cuml` to install.
2026-09-27 15:42:37,120:WARNING:
'cuml' is a soft dependency and not included in the pycaret installation. Please run: `pip install cuml` to install.
2026-09-27 15:42:37,120:WARNING:
'cuml' is a soft dependency and not included in the pycaret installation. Please run: `pip install cuml` to install.
2026-09-27 15:42:38,347:INFO:Initializing load_model()
2026-09-27 15:42:38,347:INFO:load_model(model_name=welcome_survey_clustering_pipeline_v1, platform=None, authentication=None, verbose=True)
2026-09-27 15:43:07,578:INFO:Initializing load_model()
2026-09-27 15:43:07,579:INFO:load_model(model_name=welcome_survey_clustering_pipeline_v1, platform=None, authentication=None, verbose=True)
2026-09-27 15:43:07,703:WARNING:C:\miniconda\envs\od_zera_do_ai\Lib\site-packages\pycaret\internal\pipeline.py:148: UserWarning: Version mismatch:
current: {'deps_info': {'pip': '25.1', 'setuptools': '78.1.1', 'pycaret': '3.3.2', 'IPython': '9.1.0', 'ipywidgets': '8.1.9', 'tqdm': '4.67.1', 'numpy': '1.26.4', 'pandas': '2.1.4', 'jinja2': '3.1.6', 'scipy': '1.11.4', 'joblib': '1.5.2', 'sklearn': '1.4.2', 'pyod': '3.4.0', 'imblearn': '0.14.2', 'category_encoders': '2.7.0', 'lightgbm': '4.7.0', 'numba': '0.61.0', 'requests': '2.32.3', 'matplotlib': '3.7.5', 'scikitplot': '0.3.7', 'yellowbrick': '1.5', 'plotly': '6.0.1', 'plotly-resampler': 'Not installed', 'kaleido': '1.4.0', 'schemdraw': '0.15', 'statsmodels': '0.14.6', 'sktime': '0.26.0', 'tbats': '1.1.3', 'pmdarima': '2.0.4', 'psutil': '5.9.0', 'markupsafe': '3.0.2', 'pickle5': 'Not installed', 'cloudpickle': '3.1.2', 'deprecation': '2.1.0', 'xxhash': '4.0.1', 'wurlitzer': 'Not installed'}, 'python': {'version': '3.11.14', 'machine': 'AMD64'}}
pickle: {'deps_info': {'pip': '25.1', 'setuptools': '78.1.1', 'pycaret': '3.3.2', 'IPython': '9.1.0', 'ipywidgets': '8.1.9', 'tqdm': '4.67.1', 'numpy': '1.26.4', 'pandas': '2.3.3', 'jinja2': '3.1.6', 'scipy': '1.11.4', 'joblib': '1.5.2', 'sklearn': '1.4.2', 'pyod': '3.4.0', 'imblearn': '0.14.2', 'category_encoders': '2.7.0', 'lightgbm': '4.7.0', 'numba': '0.61.0', 'requests': '2.32.3', 'matplotlib': '3.7.5', 'scikitplot': '0.3.7', 'yellowbrick': '1.5', 'plotly': '6.0.1', 'plotly-resampler': 'Not installed', 'kaleido': '1.4.0', 'schemdraw': '0.15', 'statsmodels': '0.14.6', 'sktime': '0.26.0', 'tbats': '1.1.3', 'pmdarima': '2.0.4', 'psutil': '5.9.0', 'markupsafe': '3.0.2', 'pickle5': 'Not installed', 'cloudpickle': '3.1.2', 'deprecation': '2.1.0', 'xxhash': '4.0.1', 'wurlitzer': 'Not installed'}, 'python': {'version': '3.11.14', 'machine': 'AMD64'}}
  warnings.warn(

2026-09-27 15:43:07,752:INFO:Initializing predict_model()
2026-09-27 15:43:07,753:INFO:predict_model(self=<pycaret.clustering.oop.ClusteringExperiment object at 0x00000210C71F7650>, estimator=Pipeline(memory=Memory(location=None),
         steps=[('numerical_imputer',
                 TransformerWrapper(include=[], transformer=SimpleImputer())),
                ('categorical_imputer',
                 TransformerWrapper(include=['age', 'edu_level', 'fav_animals',
                                             'fav_place', 'gender'],
                                    transformer=SimpleImputer(strategy='most_frequent'))),
                ('ordinal_encoding',
                 TransformerWrapper(include=['gender'],
                                    transfo...
                                                               mapping=[{'col': 'gender',
                                                                         'data_type': dtype('O'),
                                                                         'mapping': Kobieta      0
Mê¿czyzna    1
NaN         -1
dtype: int64}]))),
                ('onehot_encoding',
                 TransformerWrapper(include=['age', 'edu_level', 'fav_animals',
                                             'fav_place'],
                                    transformer=OneHotEncoder(cols=['age',
                                                                    'edu_level',
                                                                    'fav_animals',
                                                                    'fav_place'],
                                                              handle_missing='return_nan',
                                                              use_cat_names=True))),
                ('trained_model', KMeans(random_state=123))]), ml_usecase=None)
2026-09-27 15:43:07,753:INFO:Set up data.
2026-09-27 15:43:07,993:INFO:Initializing predict_model()
2026-09-27 15:43:07,994:INFO:predict_model(self=<pycaret.clustering.oop.ClusteringExperiment object at 0x00000210D4F92ED0>, estimator=Pipeline(memory=Memory(location=None),
         steps=[('numerical_imputer',
                 TransformerWrapper(include=[], transformer=SimpleImputer())),
                ('categorical_imputer',
                 TransformerWrapper(include=['age', 'edu_level', 'fav_animals',
                                             'fav_place', 'gender'],
                                    transformer=SimpleImputer(strategy='most_frequent'))),
                ('ordinal_encoding',
                 TransformerWrapper(include=['gender'],
                                    transfo...
                                                               mapping=[{'col': 'gender',
                                                                         'data_type': dtype('O'),
                                                                         'mapping': Kobieta      0
Mê¿czyzna    1
NaN         -1
dtype: int64}]))),
                ('onehot_encoding',
                 TransformerWrapper(include=['age', 'edu_level', 'fav_animals',
                                             'fav_place'],
                                    transformer=OneHotEncoder(cols=['age',
                                                                    'edu_level',
                                                                    'fav_animals',
                                                                    'fav_place'],
                                                              handle_missing='return_nan',
                                                              use_cat_names=True))),
                ('trained_model', KMeans(random_state=123))]), ml_usecase=None)
2026-09-27 15:43:07,994:INFO:Set up data.
2026-09-27 15:43:56,986:INFO:Initializing predict_model()
2026-09-27 15:43:56,987:INFO:predict_model(self=<pycaret.clustering.oop.ClusteringExperiment object at 0x00000210D7A11B10>, estimator=Pipeline(memory=Memory(location=None),
         steps=[('numerical_imputer',
                 TransformerWrapper(include=[], transformer=SimpleImputer())),
                ('categorical_imputer',
                 TransformerWrapper(include=['age', 'edu_level', 'fav_animals',
                                             'fav_place', 'gender'],
                                    transformer=SimpleImputer(strategy='most_frequent'))),
                ('ordinal_encoding',
                 TransformerWrapper(include=['gender'],
                                    transfo...
                                                               mapping=[{'col': 'gender',
                                                                         'data_type': dtype('O'),
                                                                         'mapping': Kobieta      0
Mê¿czyzna    1
NaN         -1
dtype: int64}]))),
                ('onehot_encoding',
                 TransformerWrapper(include=['age', 'edu_level', 'fav_animals',
                                             'fav_place'],
                                    transformer=OneHotEncoder(cols=['age',
                                                                    'edu_level',
                                                                    'fav_animals',
                                                                    'fav_place'],
                                                              handle_missing='return_nan',
                                                              use_cat_names=True))),
                ('trained_model', KMeans(random_state=123))]), ml_usecase=None)
2026-09-27 15:43:56,987:INFO:Set up data.
2026-09-27 15:44:14,479:INFO:Initializing predict_model()
2026-09-27 15:44:14,479:INFO:predict_model(self=<pycaret.clustering.oop.ClusteringExperiment object at 0x00000210D795C310>, estimator=Pipeline(memory=Memory(location=None),
         steps=[('numerical_imputer',
                 TransformerWrapper(include=[], transformer=SimpleImputer())),
                ('categorical_imputer',
                 TransformerWrapper(include=['age', 'edu_level', 'fav_animals',
                                             'fav_place', 'gender'],
                                    transformer=SimpleImputer(strategy='most_frequent'))),
                ('ordinal_encoding',
                 TransformerWrapper(include=['gender'],
                                    transfo...
                                                               mapping=[{'col': 'gender',
                                                                         'data_type': dtype('O'),
                                                                         'mapping': Kobieta      0
Mê¿czyzna    1
NaN         -1
dtype: int64}]))),
                ('onehot_encoding',
                 TransformerWrapper(include=['age', 'edu_level', 'fav_animals',
                                             'fav_place'],
                                    transformer=OneHotEncoder(cols=['age',
                                                                    'edu_level',
                                                                    'fav_animals',
                                                                    'fav_place'],
                                                              handle_missing='return_nan',
                                                              use_cat_names=True))),
                ('trained_model', KMeans(random_state=123))]), ml_usecase=None)
2026-09-27 15:44:14,479:INFO:Set up data.
2026-09-27 15:44:21,806:INFO:Initializing predict_model()
2026-09-27 15:44:21,807:INFO:predict_model(self=<pycaret.clustering.oop.ClusteringExperiment object at 0x00000210D7C2F990>, estimator=Pipeline(memory=Memory(location=None),
         steps=[('numerical_imputer',
                 TransformerWrapper(include=[], transformer=SimpleImputer())),
                ('categorical_imputer',
                 TransformerWrapper(include=['age', 'edu_level', 'fav_animals',
                                             'fav_place', 'gender'],
                                    transformer=SimpleImputer(strategy='most_frequent'))),
                ('ordinal_encoding',
                 TransformerWrapper(include=['gender'],
                                    transfo...
                                                               mapping=[{'col': 'gender',
                                                                         'data_type': dtype('O'),
                                                                         'mapping': Kobieta      0
Mê¿czyzna    1
NaN         -1
dtype: int64}]))),
                ('onehot_encoding',
                 TransformerWrapper(include=['age', 'edu_level', 'fav_animals',
                                             'fav_place'],
                                    transformer=OneHotEncoder(cols=['age',
                                                                    'edu_level',
                                                                    'fav_animals',
                                                                    'fav_place'],
                                                              handle_missing='return_nan',
                                                              use_cat_names=True))),
                ('trained_model', KMeans(random_state=123))]), ml_usecase=None)
2026-09-27 15:44:21,807:INFO:Set up data.
2026-09-27 15:44:29,736:INFO:Initializing predict_model()
2026-09-27 15:44:29,737:INFO:predict_model(self=<pycaret.clustering.oop.ClusteringExperiment object at 0x00000210D7B83950>, estimator=Pipeline(memory=Memory(location=None),
         steps=[('numerical_imputer',
                 TransformerWrapper(include=[], transformer=SimpleImputer())),
                ('categorical_imputer',
                 TransformerWrapper(include=['age', 'edu_level', 'fav_animals',
                                             'fav_place', 'gender'],
                                    transformer=SimpleImputer(strategy='most_frequent'))),
                ('ordinal_encoding',
                 TransformerWrapper(include=['gender'],
                                    transfo...
                                                               mapping=[{'col': 'gender',
                                                                         'data_type': dtype('O'),
                                                                         'mapping': Kobieta      0
Mê¿czyzna    1
NaN         -1
dtype: int64}]))),
                ('onehot_encoding',
                 TransformerWrapper(include=['age', 'edu_level', 'fav_animals',
                                             'fav_place'],
                                    transformer=OneHotEncoder(cols=['age',
                                                                    'edu_level',
                                                                    'fav_animals',
                                                                    'fav_place'],
                                                              handle_missing='return_nan',
                                                              use_cat_names=True))),
                ('trained_model', KMeans(random_state=123))]), ml_usecase=None)
2026-09-27 15:44:29,737:INFO:Set up data.
2026-09-27 15:44:32,294:INFO:Initializing predict_model()
2026-09-27 15:44:32,295:INFO:predict_model(self=<pycaret.clustering.oop.ClusteringExperiment object at 0x00000210D4D60B10>, estimator=Pipeline(memory=Memory(location=None),
         steps=[('numerical_imputer',
                 TransformerWrapper(include=[], transformer=SimpleImputer())),
                ('categorical_imputer',
                 TransformerWrapper(include=['age', 'edu_level', 'fav_animals',
                                             'fav_place', 'gender'],
                                    transformer=SimpleImputer(strategy='most_frequent'))),
                ('ordinal_encoding',
                 TransformerWrapper(include=['gender'],
                                    transfo...
                                                               mapping=[{'col': 'gender',
                                                                         'data_type': dtype('O'),
                                                                         'mapping': Kobieta      0
Mê¿czyzna    1
NaN         -1
dtype: int64}]))),
                ('onehot_encoding',
                 TransformerWrapper(include=['age', 'edu_level', 'fav_animals',
                                             'fav_place'],
                                    transformer=OneHotEncoder(cols=['age',
                                                                    'edu_level',
                                                                    'fav_animals',
                                                                    'fav_place'],
                                                              handle_missing='return_nan',
                                                              use_cat_names=True))),
                ('trained_model', KMeans(random_state=123))]), ml_usecase=None)
2026-09-27 15:44:32,296:INFO:Set up data.
2026-09-27 15:44:33,086:INFO:Initializing predict_model()
2026-09-27 15:44:33,086:INFO:predict_model(self=<pycaret.clustering.oop.ClusteringExperiment object at 0x00000210C53D3A10>, estimator=Pipeline(memory=Memory(location=None),
         steps=[('numerical_imputer',
                 TransformerWrapper(include=[], transformer=SimpleImputer())),
                ('categorical_imputer',
                 TransformerWrapper(include=['age', 'edu_level', 'fav_animals',
                                             'fav_place', 'gender'],
                                    transformer=SimpleImputer(strategy='most_frequent'))),
                ('ordinal_encoding',
                 TransformerWrapper(include=['gender'],
                                    transfo...
                                                               mapping=[{'col': 'gender',
                                                                         'data_type': dtype('O'),
                                                                         'mapping': Kobieta      0
Mê¿czyzna    1
NaN         -1
dtype: int64}]))),
                ('onehot_encoding',
                 TransformerWrapper(include=['age', 'edu_level', 'fav_animals',
                                             'fav_place'],
                                    transformer=OneHotEncoder(cols=['age',
                                                                    'edu_level',
                                                                    'fav_animals',
                                                                    'fav_place'],
                                                              handle_missing='return_nan',
                                                              use_cat_names=True))),
                ('trained_model', KMeans(random_state=123))]), ml_usecase=None)
2026-09-27 15:44:33,086:INFO:Set up data.
2026-09-27 15:44:51,055:INFO:Initializing predict_model()
2026-09-27 15:44:51,056:INFO:predict_model(self=<pycaret.clustering.oop.ClusteringExperiment object at 0x00000210D4FD77D0>, estimator=Pipeline(memory=Memory(location=None),
         steps=[('numerical_imputer',
                 TransformerWrapper(include=[], transformer=SimpleImputer())),
                ('categorical_imputer',
                 TransformerWrapper(include=['age', 'edu_level', 'fav_animals',
                                             'fav_place', 'gender'],
                                    transformer=SimpleImputer(strategy='most_frequent'))),
                ('ordinal_encoding',
                 TransformerWrapper(include=['gender'],
                                    transfo...
                                                               mapping=[{'col': 'gender',
                                                                         'data_type': dtype('O'),
                                                                         'mapping': Kobieta      0
Mê¿czyzna    1
NaN         -1
dtype: int64}]))),
                ('onehot_encoding',
                 TransformerWrapper(include=['age', 'edu_level', 'fav_animals',
                                             'fav_place'],
                                    transformer=OneHotEncoder(cols=['age',
                                                                    'edu_level',
                                                                    'fav_animals',
                                                                    'fav_place'],
                                                              handle_missing='return_nan',
                                                              use_cat_names=True))),
                ('trained_model', KMeans(random_state=123))]), ml_usecase=None)
2026-09-27 15:44:51,056:INFO:Set up data.
2026-09-27 15:44:55,307:INFO:Initializing predict_model()
2026-09-27 15:44:55,307:INFO:predict_model(self=<pycaret.clustering.oop.ClusteringExperiment object at 0x00000210D7C38610>, estimator=Pipeline(memory=Memory(location=None),
         steps=[('numerical_imputer',
                 TransformerWrapper(include=[], transformer=SimpleImputer())),
                ('categorical_imputer',
                 TransformerWrapper(include=['age', 'edu_level', 'fav_animals',
                                             'fav_place', 'gender'],
                                    transformer=SimpleImputer(strategy='most_frequent'))),
                ('ordinal_encoding',
                 TransformerWrapper(include=['gender'],
                                    transfo...
                                                               mapping=[{'col': 'gender',
                                                                         'data_type': dtype('O'),
                                                                         'mapping': Kobieta      0
Mê¿czyzna    1
NaN         -1
dtype: int64}]))),
                ('onehot_encoding',
                 TransformerWrapper(include=['age', 'edu_level', 'fav_animals',
                                             'fav_place'],
                                    transformer=OneHotEncoder(cols=['age',
                                                                    'edu_level',
                                                                    'fav_animals',
                                                                    'fav_place'],
                                                              handle_missing='return_nan',
                                                              use_cat_names=True))),
                ('trained_model', KMeans(random_state=123))]), ml_usecase=None)
2026-09-27 15:44:55,307:INFO:Set up data.
2026-09-27 15:44:58,309:INFO:Initializing predict_model()
2026-09-27 15:44:58,309:INFO:predict_model(self=<pycaret.clustering.oop.ClusteringExperiment object at 0x00000210D7B30610>, estimator=Pipeline(memory=Memory(location=None),
         steps=[('numerical_imputer',
                 TransformerWrapper(include=[], transformer=SimpleImputer())),
                ('categorical_imputer',
                 TransformerWrapper(include=['age', 'edu_level', 'fav_animals',
                                             'fav_place', 'gender'],
                                    transformer=SimpleImputer(strategy='most_frequent'))),
                ('ordinal_encoding',
                 TransformerWrapper(include=['gender'],
                                    transfo...
                                                               mapping=[{'col': 'gender',
                                                                         'data_type': dtype('O'),
                                                                         'mapping': Kobieta      0
Mê¿czyzna    1
NaN         -1
dtype: int64}]))),
                ('onehot_encoding',
                 TransformerWrapper(include=['age', 'edu_level', 'fav_animals',
                                             'fav_place'],
                                    transformer=OneHotEncoder(cols=['age',
                                                                    'edu_level',
                                                                    'fav_animals',
                                                                    'fav_place'],
                                                              handle_missing='return_nan',
                                                              use_cat_names=True))),
                ('trained_model', KMeans(random_state=123))]), ml_usecase=None)
2026-09-27 15:44:58,309:INFO:Set up data.
2026-09-27 15:45:03,912:INFO:Initializing predict_model()
2026-09-27 15:45:03,913:INFO:predict_model(self=<pycaret.clustering.oop.ClusteringExperiment object at 0x00000210D7B07F90>, estimator=Pipeline(memory=Memory(location=None),
         steps=[('numerical_imputer',
                 TransformerWrapper(include=[], transformer=SimpleImputer())),
                ('categorical_imputer',
                 TransformerWrapper(include=['age', 'edu_level', 'fav_animals',
                                             'fav_place', 'gender'],
                                    transformer=SimpleImputer(strategy='most_frequent'))),
                ('ordinal_encoding',
                 TransformerWrapper(include=['gender'],
                                    transfo...
                                                               mapping=[{'col': 'gender',
                                                                         'data_type': dtype('O'),
                                                                         'mapping': Kobieta      0
Mê¿czyzna    1
NaN         -1
dtype: int64}]))),
                ('onehot_encoding',
                 TransformerWrapper(include=['age', 'edu_level', 'fav_animals',
                                             'fav_place'],
                                    transformer=OneHotEncoder(cols=['age',
                                                                    'edu_level',
                                                                    'fav_animals',
                                                                    'fav_place'],
                                                              handle_missing='return_nan',
                                                              use_cat_names=True))),
                ('trained_model', KMeans(random_state=123))]), ml_usecase=None)
2026-09-27 15:45:03,914:INFO:Set up data.
2026-09-27 15:45:11,210:INFO:Initializing predict_model()
2026-09-27 15:45:11,211:INFO:predict_model(self=<pycaret.clustering.oop.ClusteringExperiment object at 0x00000210D5121FD0>, estimator=Pipeline(memory=Memory(location=None),
         steps=[('numerical_imputer',
                 TransformerWrapper(include=[], transformer=SimpleImputer())),
                ('categorical_imputer',
                 TransformerWrapper(include=['age', 'edu_level', 'fav_animals',
                                             'fav_place', 'gender'],
                                    transformer=SimpleImputer(strategy='most_frequent'))),
                ('ordinal_encoding',
                 TransformerWrapper(include=['gender'],
                                    transfo...
                                                               mapping=[{'col': 'gender',
                                                                         'data_type': dtype('O'),
                                                                         'mapping': Kobieta      0
Mê¿czyzna    1
NaN         -1
dtype: int64}]))),
                ('onehot_encoding',
                 TransformerWrapper(include=['age', 'edu_level', 'fav_animals',
                                             'fav_place'],
                                    transformer=OneHotEncoder(cols=['age',
                                                                    'edu_level',
                                                                    'fav_animals',
                                                                    'fav_place'],
                                                              handle_missing='return_nan',
                                                              use_cat_names=True))),
                ('trained_model', KMeans(random_state=123))]), ml_usecase=None)
2026-09-27 15:45:11,211:INFO:Set up data.
2026-09-27 16:21:33,065:WARNING:
'cuml' is a soft dependency and not included in the pycaret installation. Please run: `pip install cuml` to install.
2026-09-27 16:21:33,066:WARNING:
'cuml' is a soft dependency and not included in the pycaret installation. Please run: `pip install cuml` to install.
2026-09-27 16:21:33,066:WARNING:
'cuml' is a soft dependency and not included in the pycaret installation. Please run: `pip install cuml` to install.
2026-09-27 16:21:33,066:WARNING:
'cuml' is a soft dependency and not included in the pycaret installation. Please run: `pip install cuml` to install.
2026-09-27 16:21:35,263:INFO:Initializing load_model()
2026-09-27 16:21:35,263:INFO:load_model(model_name=welcome_survey_clustering_pipeline_v1, platform=None, authentication=None, verbose=True)
2026-09-27 16:21:35,336:WARNING:C:\miniconda\envs\od_zera_do_ai\Lib\site-packages\pycaret\internal\pipeline.py:148: UserWarning: Version mismatch:
current: {'deps_info': {'pip': '25.1', 'setuptools': '78.1.1', 'pycaret': '3.3.2', 'IPython': '9.1.0', 'ipywidgets': '8.1.9', 'tqdm': '4.67.1', 'numpy': '1.26.4', 'pandas': '2.1.4', 'jinja2': '3.1.6', 'scipy': '1.11.4', 'joblib': '1.5.2', 'sklearn': '1.4.2', 'pyod': '3.4.0', 'imblearn': '0.14.2', 'category_encoders': '2.7.0', 'lightgbm': '4.7.0', 'numba': '0.61.0', 'requests': '2.32.3', 'matplotlib': '3.7.5', 'scikitplot': '0.3.7', 'yellowbrick': '1.5', 'plotly': '6.0.1', 'plotly-resampler': 'Not installed', 'kaleido': '1.4.0', 'schemdraw': '0.15', 'statsmodels': '0.14.6', 'sktime': '0.26.0', 'tbats': '1.1.3', 'pmdarima': '2.0.4', 'psutil': '5.9.0', 'markupsafe': '3.0.2', 'pickle5': 'Not installed', 'cloudpickle': '3.1.2', 'deprecation': '2.1.0', 'xxhash': '4.0.1', 'wurlitzer': 'Not installed'}, 'python': {'version': '3.11.14', 'machine': 'AMD64'}}
pickle: {'deps_info': {'pip': '25.1', 'setuptools': '78.1.1', 'pycaret': '3.3.2', 'IPython': '9.1.0', 'ipywidgets': '8.1.9', 'tqdm': '4.67.1', 'numpy': '1.26.4', 'pandas': '2.3.3', 'jinja2': '3.1.6', 'scipy': '1.11.4', 'joblib': '1.5.2', 'sklearn': '1.4.2', 'pyod': '3.4.0', 'imblearn': '0.14.2', 'category_encoders': '2.7.0', 'lightgbm': '4.7.0', 'numba': '0.61.0', 'requests': '2.32.3', 'matplotlib': '3.7.5', 'scikitplot': '0.3.7', 'yellowbrick': '1.5', 'plotly': '6.0.1', 'plotly-resampler': 'Not installed', 'kaleido': '1.4.0', 'schemdraw': '0.15', 'statsmodels': '0.14.6', 'sktime': '0.26.0', 'tbats': '1.1.3', 'pmdarima': '2.0.4', 'psutil': '5.9.0', 'markupsafe': '3.0.2', 'pickle5': 'Not installed', 'cloudpickle': '3.1.2', 'deprecation': '2.1.0', 'xxhash': '4.0.1', 'wurlitzer': 'Not installed'}, 'python': {'version': '3.11.14', 'machine': 'AMD64'}}
  warnings.warn(

2026-09-27 16:21:35,407:INFO:Initializing predict_model()
2026-09-27 16:21:35,407:INFO:predict_model(self=<pycaret.clustering.oop.ClusteringExperiment object at 0x00000166DB597BD0>, estimator=Pipeline(memory=Memory(location=None),
         steps=[('numerical_imputer',
                 TransformerWrapper(include=[], transformer=SimpleImputer())),
                ('categorical_imputer',
                 TransformerWrapper(include=['age', 'edu_level', 'fav_animals',
                                             'fav_place', 'gender'],
                                    transformer=SimpleImputer(strategy='most_frequent'))),
                ('ordinal_encoding',
                 TransformerWrapper(include=['gender'],
                                    transfo...
                                                               mapping=[{'col': 'gender',
                                                                         'data_type': dtype('O'),
                                                                         'mapping': Kobieta      0
Mê¿czyzna    1
NaN         -1
dtype: int64}]))),
                ('onehot_encoding',
                 TransformerWrapper(include=['age', 'edu_level', 'fav_animals',
                                             'fav_place'],
                                    transformer=OneHotEncoder(cols=['age',
                                                                    'edu_level',
                                                                    'fav_animals',
                                                                    'fav_place'],
                                                              handle_missing='return_nan',
                                                              use_cat_names=True))),
                ('trained_model', KMeans(random_state=123))]), ml_usecase=None)
2026-09-27 16:21:35,407:INFO:Set up data.
2026-09-27 16:22:52,419:INFO:Initializing predict_model()
2026-09-27 16:22:52,419:INFO:predict_model(self=<pycaret.clustering.oop.ClusteringExperiment object at 0x00000166DB814790>, estimator=Pipeline(memory=Memory(location=None),
         steps=[('numerical_imputer',
                 TransformerWrapper(include=[], transformer=SimpleImputer())),
                ('categorical_imputer',
                 TransformerWrapper(include=['age', 'edu_level', 'fav_animals',
                                             'fav_place', 'gender'],
                                    transformer=SimpleImputer(strategy='most_frequent'))),
                ('ordinal_encoding',
                 TransformerWrapper(include=['gender'],
                                    transfo...
                                                               mapping=[{'col': 'gender',
                                                                         'data_type': dtype('O'),
                                                                         'mapping': Kobieta      0
Mê¿czyzna    1
NaN         -1
dtype: int64}]))),
                ('onehot_encoding',
                 TransformerWrapper(include=['age', 'edu_level', 'fav_animals',
                                             'fav_place'],
                                    transformer=OneHotEncoder(cols=['age',
                                                                    'edu_level',
                                                                    'fav_animals',
                                                                    'fav_place'],
                                                              handle_missing='return_nan',
                                                              use_cat_names=True))),
                ('trained_model', KMeans(random_state=123))]), ml_usecase=None)
2026-09-27 16:22:52,419:INFO:Set up data.
2026-09-27 16:23:08,726:INFO:Initializing predict_model()
2026-09-27 16:23:08,726:INFO:predict_model(self=<pycaret.clustering.oop.ClusteringExperiment object at 0x00000166DB5A7CD0>, estimator=Pipeline(memory=Memory(location=None),
         steps=[('numerical_imputer',
                 TransformerWrapper(include=[], transformer=SimpleImputer())),
                ('categorical_imputer',
                 TransformerWrapper(include=['age', 'edu_level', 'fav_animals',
                                             'fav_place', 'gender'],
                                    transformer=SimpleImputer(strategy='most_frequent'))),
                ('ordinal_encoding',
                 TransformerWrapper(include=['gender'],
                                    transfo...
                                                               mapping=[{'col': 'gender',
                                                                         'data_type': dtype('O'),
                                                                         'mapping': Kobieta      0
Mê¿czyzna    1
NaN         -1
dtype: int64}]))),
                ('onehot_encoding',
                 TransformerWrapper(include=['age', 'edu_level', 'fav_animals',
                                             'fav_place'],
                                    transformer=OneHotEncoder(cols=['age',
                                                                    'edu_level',
                                                                    'fav_animals',
                                                                    'fav_place'],
                                                              handle_missing='return_nan',
                                                              use_cat_names=True))),
                ('trained_model', KMeans(random_state=123))]), ml_usecase=None)
2026-09-27 16:23:08,726:INFO:Set up data.
2026-09-27 16:23:12,060:INFO:Initializing predict_model()
2026-09-27 16:23:12,060:INFO:predict_model(self=<pycaret.clustering.oop.ClusteringExperiment object at 0x00000166D9DB0390>, estimator=Pipeline(memory=Memory(location=None),
         steps=[('numerical_imputer',
                 TransformerWrapper(include=[], transformer=SimpleImputer())),
                ('categorical_imputer',
                 TransformerWrapper(include=['age', 'edu_level', 'fav_animals',
                                             'fav_place', 'gender'],
                                    transformer=SimpleImputer(strategy='most_frequent'))),
                ('ordinal_encoding',
                 TransformerWrapper(include=['gender'],
                                    transfo...
                                                               mapping=[{'col': 'gender',
                                                                         'data_type': dtype('O'),
                                                                         'mapping': Kobieta      0
Mê¿czyzna    1
NaN         -1
dtype: int64}]))),
                ('onehot_encoding',
                 TransformerWrapper(include=['age', 'edu_level', 'fav_animals',
                                             'fav_place'],
                                    transformer=OneHotEncoder(cols=['age',
                                                                    'edu_level',
                                                                    'fav_animals',
                                                                    'fav_place'],
                                                              handle_missing='return_nan',
                                                              use_cat_names=True))),
                ('trained_model', KMeans(random_state=123))]), ml_usecase=None)
2026-09-27 16:23:12,060:INFO:Set up data.
2026-09-27 16:23:14,724:INFO:Initializing predict_model()
2026-09-27 16:23:14,724:INFO:predict_model(self=<pycaret.clustering.oop.ClusteringExperiment object at 0x00000166CB06E150>, estimator=Pipeline(memory=Memory(location=None),
         steps=[('numerical_imputer',
                 TransformerWrapper(include=[], transformer=SimpleImputer())),
                ('categorical_imputer',
                 TransformerWrapper(include=['age', 'edu_level', 'fav_animals',
                                             'fav_place', 'gender'],
                                    transformer=SimpleImputer(strategy='most_frequent'))),
                ('ordinal_encoding',
                 TransformerWrapper(include=['gender'],
                                    transfo...
                                                               mapping=[{'col': 'gender',
                                                                         'data_type': dtype('O'),
                                                                         'mapping': Kobieta      0
Mê¿czyzna    1
NaN         -1
dtype: int64}]))),
                ('onehot_encoding',
                 TransformerWrapper(include=['age', 'edu_level', 'fav_animals',
                                             'fav_place'],
                                    transformer=OneHotEncoder(cols=['age',
                                                                    'edu_level',
                                                                    'fav_animals',
                                                                    'fav_place'],
                                                              handle_missing='return_nan',
                                                              use_cat_names=True))),
                ('trained_model', KMeans(random_state=123))]), ml_usecase=None)
2026-09-27 16:23:14,724:INFO:Set up data.
2026-09-27 16:23:16,747:INFO:Initializing predict_model()
2026-09-27 16:23:16,747:INFO:predict_model(self=<pycaret.clustering.oop.ClusteringExperiment object at 0x00000166DA556FD0>, estimator=Pipeline(memory=Memory(location=None),
         steps=[('numerical_imputer',
                 TransformerWrapper(include=[], transformer=SimpleImputer())),
                ('categorical_imputer',
                 TransformerWrapper(include=['age', 'edu_level', 'fav_animals',
                                             'fav_place', 'gender'],
                                    transformer=SimpleImputer(strategy='most_frequent'))),
                ('ordinal_encoding',
                 TransformerWrapper(include=['gender'],
                                    transfo...
                                                               mapping=[{'col': 'gender',
                                                                         'data_type': dtype('O'),
                                                                         'mapping': Kobieta      0
Mê¿czyzna    1
NaN         -1
dtype: int64}]))),
                ('onehot_encoding',
                 TransformerWrapper(include=['age', 'edu_level', 'fav_animals',
                                             'fav_place'],
                                    transformer=OneHotEncoder(cols=['age',
                                                                    'edu_level',
                                                                    'fav_animals',
                                                                    'fav_place'],
                                                              handle_missing='return_nan',
                                                              use_cat_names=True))),
                ('trained_model', KMeans(random_state=123))]), ml_usecase=None)
2026-09-27 16:23:16,747:INFO:Set up data.
2026-09-27 16:28:08,430:INFO:Initializing predict_model()
2026-09-27 16:28:08,431:INFO:predict_model(self=<pycaret.clustering.oop.ClusteringExperiment object at 0x00000166DE477A50>, estimator=Pipeline(memory=Memory(location=None),
         steps=[('numerical_imputer',
                 TransformerWrapper(include=[], transformer=SimpleImputer())),
                ('categorical_imputer',
                 TransformerWrapper(include=['age', 'edu_level', 'fav_animals',
                                             'fav_place', 'gender'],
                                    transformer=SimpleImputer(strategy='most_frequent'))),
                ('ordinal_encoding',
                 TransformerWrapper(include=['gender'],
                                    transfo...
                                                               mapping=[{'col': 'gender',
                                                                         'data_type': dtype('O'),
                                                                         'mapping': Kobieta      0
Mê¿czyzna    1
NaN         -1
dtype: int64}]))),
                ('onehot_encoding',
                 TransformerWrapper(include=['age', 'edu_level', 'fav_animals',
                                             'fav_place'],
                                    transformer=OneHotEncoder(cols=['age',
                                                                    'edu_level',
                                                                    'fav_animals',
                                                                    'fav_place'],
                                                              handle_missing='return_nan',
                                                              use_cat_names=True))),
                ('trained_model', KMeans(random_state=123))]), ml_usecase=None)
2026-09-27 16:28:08,432:INFO:Set up data.
2026-09-27 16:28:10,789:INFO:Initializing predict_model()
2026-09-27 16:28:10,789:INFO:predict_model(self=<pycaret.clustering.oop.ClusteringExperiment object at 0x00000166CB06EDD0>, estimator=Pipeline(memory=Memory(location=None),
         steps=[('numerical_imputer',
                 TransformerWrapper(include=[], transformer=SimpleImputer())),
                ('categorical_imputer',
                 TransformerWrapper(include=['age', 'edu_level', 'fav_animals',
                                             'fav_place', 'gender'],
                                    transformer=SimpleImputer(strategy='most_frequent'))),
                ('ordinal_encoding',
                 TransformerWrapper(include=['gender'],
                                    transfo...
                                                               mapping=[{'col': 'gender',
                                                                         'data_type': dtype('O'),
                                                                         'mapping': Kobieta      0
Mê¿czyzna    1
NaN         -1
dtype: int64}]))),
                ('onehot_encoding',
                 TransformerWrapper(include=['age', 'edu_level', 'fav_animals',
                                             'fav_place'],
                                    transformer=OneHotEncoder(cols=['age',
                                                                    'edu_level',
                                                                    'fav_animals',
                                                                    'fav_place'],
                                                              handle_missing='return_nan',
                                                              use_cat_names=True))),
                ('trained_model', KMeans(random_state=123))]), ml_usecase=None)
2026-09-27 16:28:10,789:INFO:Set up data.
2026-09-27 16:28:45,458:INFO:Initializing load_model()
2026-09-27 16:28:45,458:INFO:load_model(model_name=welcome_survey_clustering_pipeline_v1, platform=None, authentication=None, verbose=True)
2026-09-27 16:28:45,468:WARNING:C:\miniconda\envs\od_zera_do_ai\Lib\site-packages\pycaret\internal\pipeline.py:148: UserWarning:

Version mismatch:
current: {'deps_info': {'pip': '25.1', 'setuptools': '78.1.1', 'pycaret': '3.3.2', 'IPython': '9.1.0', 'ipywidgets': '8.1.9', 'tqdm': '4.67.1', 'numpy': '1.26.4', 'pandas': '2.1.4', 'jinja2': '3.1.6', 'scipy': '1.11.4', 'joblib': '1.5.2', 'sklearn': '1.4.2', 'pyod': '3.4.0', 'imblearn': '0.14.2', 'category_encoders': '2.7.0', 'lightgbm': '4.7.0', 'numba': '0.61.0', 'requests': '2.32.3', 'matplotlib': '3.7.5', 'scikitplot': '0.3.7', 'yellowbrick': '1.5', 'plotly': '6.0.1', 'plotly-resampler': 'Not installed', 'kaleido': '1.4.0', 'schemdraw': '0.15', 'statsmodels': '0.14.6', 'sktime': '0.26.0', 'tbats': '1.1.3', 'pmdarima': '2.0.4', 'psutil': '5.9.0', 'markupsafe': '3.0.2', 'pickle5': 'Not installed', 'cloudpickle': '3.1.2', 'deprecation': '2.1.0', 'xxhash': '4.0.1', 'wurlitzer': 'Not installed'}, 'python': {'version': '3.11.14', 'machine': 'AMD64'}}
pickle: {'deps_info': {'pip': '25.1', 'setuptools': '78.1.1', 'pycaret': '3.3.2', 'IPython': '9.1.0', 'ipywidgets': '8.1.9', 'tqdm': '4.67.1', 'numpy': '1.26.4', 'pandas': '2.3.3', 'jinja2': '3.1.6', 'scipy': '1.11.4', 'joblib': '1.5.2', 'sklearn': '1.4.2', 'pyod': '3.4.0', 'imblearn': '0.14.2', 'category_encoders': '2.7.0', 'lightgbm': '4.7.0', 'numba': '0.61.0', 'requests': '2.32.3', 'matplotlib': '3.7.5', 'scikitplot': '0.3.7', 'yellowbrick': '1.5', 'plotly': '6.0.1', 'plotly-resampler': 'Not installed', 'kaleido': '1.4.0', 'schemdraw': '0.15', 'statsmodels': '0.14.6', 'sktime': '0.26.0', 'tbats': '1.1.3', 'pmdarima': '2.0.4', 'psutil': '5.9.0', 'markupsafe': '3.0.2', 'pickle5': 'Not installed', 'cloudpickle': '3.1.2', 'deprecation': '2.1.0', 'xxhash': '4.0.1', 'wurlitzer': 'Not installed'}, 'python': {'version': '3.11.14', 'machine': 'AMD64'}}


2026-09-27 16:28:45,535:INFO:Initializing predict_model()
2026-09-27 16:28:45,535:INFO:predict_model(self=<pycaret.clustering.oop.ClusteringExperiment object at 0x00000166DB77DAD0>, estimator=Pipeline(memory=Memory(location=None),
         steps=[('numerical_imputer',
                 TransformerWrapper(include=[], transformer=SimpleImputer())),
                ('categorical_imputer',
                 TransformerWrapper(include=['age', 'edu_level', 'fav_animals',
                                             'fav_place', 'gender'],
                                    transformer=SimpleImputer(strategy='most_frequent'))),
                ('ordinal_encoding',
                 TransformerWrapper(include=['gender'],
                                    transfo...
                                                               mapping=[{'col': 'gender',
                                                                         'data_type': dtype('O'),
                                                                         'mapping': Kobieta      0
Mê¿czyzna    1
NaN         -1
dtype: int64}]))),
                ('onehot_encoding',
                 TransformerWrapper(include=['age', 'edu_level', 'fav_animals',
                                             'fav_place'],
                                    transformer=OneHotEncoder(cols=['age',
                                                                    'edu_level',
                                                                    'fav_animals',
                                                                    'fav_place'],
                                                              handle_missing='return_nan',
                                                              use_cat_names=True))),
                ('trained_model', KMeans(random_state=123))]), ml_usecase=None)
2026-09-27 16:28:45,535:INFO:Set up data.
2026-09-27 16:28:45,618:INFO:Initializing predict_model()
2026-09-27 16:28:45,618:INFO:predict_model(self=<pycaret.clustering.oop.ClusteringExperiment object at 0x00000166DE59AF10>, estimator=Pipeline(memory=Memory(location=None),
         steps=[('numerical_imputer',
                 TransformerWrapper(include=[], transformer=SimpleImputer())),
                ('categorical_imputer',
                 TransformerWrapper(include=['age', 'edu_level', 'fav_animals',
                                             'fav_place', 'gender'],
                                    transformer=SimpleImputer(strategy='most_frequent'))),
                ('ordinal_encoding',
                 TransformerWrapper(include=['gender'],
                                    transfo...
                                                               mapping=[{'col': 'gender',
                                                                         'data_type': dtype('O'),
                                                                         'mapping': Kobieta      0
Mê¿czyzna    1
NaN         -1
dtype: int64}]))),
                ('onehot_encoding',
                 TransformerWrapper(include=['age', 'edu_level', 'fav_animals',
                                             'fav_place'],
                                    transformer=OneHotEncoder(cols=['age',
                                                                    'edu_level',
                                                                    'fav_animals',
                                                                    'fav_place'],
                                                              handle_missing='return_nan',
                                                              use_cat_names=True))),
                ('trained_model', KMeans(random_state=123))]), ml_usecase=None)
2026-09-27 16:28:45,618:INFO:Set up data.
2026-09-27 16:28:49,305:INFO:Initializing predict_model()
2026-09-27 16:28:49,306:INFO:predict_model(self=<pycaret.clustering.oop.ClusteringExperiment object at 0x00000166DB588390>, estimator=Pipeline(memory=Memory(location=None),
         steps=[('numerical_imputer',
                 TransformerWrapper(include=[], transformer=SimpleImputer())),
                ('categorical_imputer',
                 TransformerWrapper(include=['age', 'edu_level', 'fav_animals',
                                             'fav_place', 'gender'],
                                    transformer=SimpleImputer(strategy='most_frequent'))),
                ('ordinal_encoding',
                 TransformerWrapper(include=['gender'],
                                    transfo...
                                                               mapping=[{'col': 'gender',
                                                                         'data_type': dtype('O'),
                                                                         'mapping': Kobieta      0
Mê¿czyzna    1
NaN         -1
dtype: int64}]))),
                ('onehot_encoding',
                 TransformerWrapper(include=['age', 'edu_level', 'fav_animals',
                                             'fav_place'],
                                    transformer=OneHotEncoder(cols=['age',
                                                                    'edu_level',
                                                                    'fav_animals',
                                                                    'fav_place'],
                                                              handle_missing='return_nan',
                                                              use_cat_names=True))),
                ('trained_model', KMeans(random_state=123))]), ml_usecase=None)
2026-09-27 16:28:49,306:INFO:Set up data.
2026-09-27 16:29:01,885:INFO:Initializing predict_model()
2026-09-27 16:29:01,885:INFO:predict_model(self=<pycaret.clustering.oop.ClusteringExperiment object at 0x00000166DB803190>, estimator=Pipeline(memory=Memory(location=None),
         steps=[('numerical_imputer',
                 TransformerWrapper(include=[], transformer=SimpleImputer())),
                ('categorical_imputer',
                 TransformerWrapper(include=['age', 'edu_level', 'fav_animals',
                                             'fav_place', 'gender'],
                                    transformer=SimpleImputer(strategy='most_frequent'))),
                ('ordinal_encoding',
                 TransformerWrapper(include=['gender'],
                                    transfo...
                                                               mapping=[{'col': 'gender',
                                                                         'data_type': dtype('O'),
                                                                         'mapping': Kobieta      0
Mê¿czyzna    1
NaN         -1
dtype: int64}]))),
                ('onehot_encoding',
                 TransformerWrapper(include=['age', 'edu_level', 'fav_animals',
                                             'fav_place'],
                                    transformer=OneHotEncoder(cols=['age',
                                                                    'edu_level',
                                                                    'fav_animals',
                                                                    'fav_place'],
                                                              handle_missing='return_nan',
                                                              use_cat_names=True))),
                ('trained_model', KMeans(random_state=123))]), ml_usecase=None)
2026-09-27 16:29:01,885:INFO:Set up data.
2026-09-27 16:29:17,915:INFO:Initializing predict_model()
2026-09-27 16:29:17,916:INFO:predict_model(self=<pycaret.clustering.oop.ClusteringExperiment object at 0x00000166DE192890>, estimator=Pipeline(memory=Memory(location=None),
         steps=[('numerical_imputer',
                 TransformerWrapper(include=[], transformer=SimpleImputer())),
                ('categorical_imputer',
                 TransformerWrapper(include=['age', 'edu_level', 'fav_animals',
                                             'fav_place', 'gender'],
                                    transformer=SimpleImputer(strategy='most_frequent'))),
                ('ordinal_encoding',
                 TransformerWrapper(include=['gender'],
                                    transfo...
                                                               mapping=[{'col': 'gender',
                                                                         'data_type': dtype('O'),
                                                                         'mapping': Kobieta      0
Mê¿czyzna    1
NaN         -1
dtype: int64}]))),
                ('onehot_encoding',
                 TransformerWrapper(include=['age', 'edu_level', 'fav_animals',
                                             'fav_place'],
                                    transformer=OneHotEncoder(cols=['age',
                                                                    'edu_level',
                                                                    'fav_animals',
                                                                    'fav_place'],
                                                              handle_missing='return_nan',
                                                              use_cat_names=True))),
                ('trained_model', KMeans(random_state=123))]), ml_usecase=None)
2026-09-27 16:29:17,916:INFO:Set up data.
2026-09-27 16:29:29,928:INFO:Initializing predict_model()
2026-09-27 16:29:29,928:INFO:predict_model(self=<pycaret.clustering.oop.ClusteringExperiment object at 0x00000166DB887CD0>, estimator=Pipeline(memory=Memory(location=None),
         steps=[('numerical_imputer',
                 TransformerWrapper(include=[], transformer=SimpleImputer())),
                ('categorical_imputer',
                 TransformerWrapper(include=['age', 'edu_level', 'fav_animals',
                                             'fav_place', 'gender'],
                                    transformer=SimpleImputer(strategy='most_frequent'))),
                ('ordinal_encoding',
                 TransformerWrapper(include=['gender'],
                                    transfo...
                                                               mapping=[{'col': 'gender',
                                                                         'data_type': dtype('O'),
                                                                         'mapping': Kobieta      0
Mê¿czyzna    1
NaN         -1
dtype: int64}]))),
                ('onehot_encoding',
                 TransformerWrapper(include=['age', 'edu_level', 'fav_animals',
                                             'fav_place'],
                                    transformer=OneHotEncoder(cols=['age',
                                                                    'edu_level',
                                                                    'fav_animals',
                                                                    'fav_place'],
                                                              handle_missing='return_nan',
                                                              use_cat_names=True))),
                ('trained_model', KMeans(random_state=123))]), ml_usecase=None)
2026-09-27 16:29:29,928:INFO:Set up data.
2026-09-27 16:29:34,793:INFO:Initializing predict_model()
2026-09-27 16:29:34,794:INFO:predict_model(self=<pycaret.clustering.oop.ClusteringExperiment object at 0x00000166CB078650>, estimator=Pipeline(memory=Memory(location=None),
         steps=[('numerical_imputer',
                 TransformerWrapper(include=[], transformer=SimpleImputer())),
                ('categorical_imputer',
                 TransformerWrapper(include=['age', 'edu_level', 'fav_animals',
                                             'fav_place', 'gender'],
                                    transformer=SimpleImputer(strategy='most_frequent'))),
                ('ordinal_encoding',
                 TransformerWrapper(include=['gender'],
                                    transfo...
                                                               mapping=[{'col': 'gender',
                                                                         'data_type': dtype('O'),
                                                                         'mapping': Kobieta      0
Mê¿czyzna    1
NaN         -1
dtype: int64}]))),
                ('onehot_encoding',
                 TransformerWrapper(include=['age', 'edu_level', 'fav_animals',
                                             'fav_place'],
                                    transformer=OneHotEncoder(cols=['age',
                                                                    'edu_level',
                                                                    'fav_animals',
                                                                    'fav_place'],
                                                              handle_missing='return_nan',
                                                              use_cat_names=True))),
                ('trained_model', KMeans(random_state=123))]), ml_usecase=None)
2026-09-27 16:29:34,794:INFO:Set up data.
2026-09-27 16:29:38,971:INFO:Initializing predict_model()
2026-09-27 16:29:38,971:INFO:predict_model(self=<pycaret.clustering.oop.ClusteringExperiment object at 0x00000166DE0F9690>, estimator=Pipeline(memory=Memory(location=None),
         steps=[('numerical_imputer',
                 TransformerWrapper(include=[], transformer=SimpleImputer())),
                ('categorical_imputer',
                 TransformerWrapper(include=['age', 'edu_level', 'fav_animals',
                                             'fav_place', 'gender'],
                                    transformer=SimpleImputer(strategy='most_frequent'))),
                ('ordinal_encoding',
                 TransformerWrapper(include=['gender'],
                                    transfo...
                                                               mapping=[{'col': 'gender',
                                                                         'data_type': dtype('O'),
                                                                         'mapping': Kobieta      0
Mê¿czyzna    1
NaN         -1
dtype: int64}]))),
                ('onehot_encoding',
                 TransformerWrapper(include=['age', 'edu_level', 'fav_animals',
                                             'fav_place'],
                                    transformer=OneHotEncoder(cols=['age',
                                                                    'edu_level',
                                                                    'fav_animals',
                                                                    'fav_place'],
                                                              handle_missing='return_nan',
                                                              use_cat_names=True))),
                ('trained_model', KMeans(random_state=123))]), ml_usecase=None)
2026-09-27 16:29:38,971:INFO:Set up data.
2026-09-27 16:29:43,244:INFO:Initializing predict_model()
2026-09-27 16:29:43,244:INFO:predict_model(self=<pycaret.clustering.oop.ClusteringExperiment object at 0x00000166CAF16A90>, estimator=Pipeline(memory=Memory(location=None),
         steps=[('numerical_imputer',
                 TransformerWrapper(include=[], transformer=SimpleImputer())),
                ('categorical_imputer',
                 TransformerWrapper(include=['age', 'edu_level', 'fav_animals',
                                             'fav_place', 'gender'],
                                    transformer=SimpleImputer(strategy='most_frequent'))),
                ('ordinal_encoding',
                 TransformerWrapper(include=['gender'],
                                    transfo...
                                                               mapping=[{'col': 'gender',
                                                                         'data_type': dtype('O'),
                                                                         'mapping': Kobieta      0
Mê¿czyzna    1
NaN         -1
dtype: int64}]))),
                ('onehot_encoding',
                 TransformerWrapper(include=['age', 'edu_level', 'fav_animals',
                                             'fav_place'],
                                    transformer=OneHotEncoder(cols=['age',
                                                                    'edu_level',
                                                                    'fav_animals',
                                                                    'fav_place'],
                                                              handle_missing='return_nan',
                                                              use_cat_names=True))),
                ('trained_model', KMeans(random_state=123))]), ml_usecase=None)
2026-09-27 16:29:43,245:INFO:Set up data.
2026-09-27 16:29:51,407:INFO:Initializing predict_model()
2026-09-27 16:29:51,407:INFO:predict_model(self=<pycaret.clustering.oop.ClusteringExperiment object at 0x00000166DB865610>, estimator=Pipeline(memory=Memory(location=None),
         steps=[('numerical_imputer',
                 TransformerWrapper(include=[], transformer=SimpleImputer())),
                ('categorical_imputer',
                 TransformerWrapper(include=['age', 'edu_level', 'fav_animals',
                                             'fav_place', 'gender'],
                                    transformer=SimpleImputer(strategy='most_frequent'))),
                ('ordinal_encoding',
                 TransformerWrapper(include=['gender'],
                                    transfo...
                                                               mapping=[{'col': 'gender',
                                                                         'data_type': dtype('O'),
                                                                         'mapping': Kobieta      0
Mê¿czyzna    1
NaN         -1
dtype: int64}]))),
                ('onehot_encoding',
                 TransformerWrapper(include=['age', 'edu_level', 'fav_animals',
                                             'fav_place'],
                                    transformer=OneHotEncoder(cols=['age',
                                                                    'edu_level',
                                                                    'fav_animals',
                                                                    'fav_place'],
                                                              handle_missing='return_nan',
                                                              use_cat_names=True))),
                ('trained_model', KMeans(random_state=123))]), ml_usecase=None)
2026-09-27 16:29:51,408:INFO:Set up data.
2026-10-04 13:36:21,347:WARNING:
'cuml' is a soft dependency and not included in the pycaret installation. Please run: `pip install cuml` to install.
2026-10-04 13:36:21,350:WARNING:
'cuml' is a soft dependency and not included in the pycaret installation. Please run: `pip install cuml` to install.
2026-10-04 13:36:21,350:WARNING:
'cuml' is a soft dependency and not included in the pycaret installation. Please run: `pip install cuml` to install.
2026-10-04 13:36:21,350:WARNING:
'cuml' is a soft dependency and not included in the pycaret installation. Please run: `pip install cuml` to install.
2026-10-04 13:36:23,813:INFO:Initializing load_model()
2026-10-04 13:36:23,813:INFO:load_model(model_name=welcome_survey_clustering_pipeline_v1, platform=None, authentication=None, verbose=True)
2026-10-04 13:38:41,396:INFO:Initializing load_model()
2026-10-04 13:38:41,396:INFO:load_model(model_name=welcome_survey_clustering_pipeline_v2, platform=None, authentication=None, verbose=True)
2026-10-04 13:38:41,559:INFO:Initializing predict_model()
2026-10-04 13:38:41,559:INFO:predict_model(self=<pycaret.clustering.oop.ClusteringExperiment object at 0x00000256753E7C50>, estimator=Pipeline(memory=Memory(location=None),
         steps=[('numerical_imputer',
                 TransformerWrapper(include=[], transformer=SimpleImputer())),
                ('categorical_imputer',
                 TransformerWrapper(include=['age', 'edu_level', 'fav_animals',
                                             'fav_place', 'gender'],
                                    transformer=SimpleImputer(strategy='most_frequent'))),
                ('ordinal_encoding',
                 TransformerWrapper(include=['gender'],
                                    transfo...
                                                               mapping=[{'col': 'gender',
                                                                         'data_type': dtype('O'),
                                                                         'mapping': Kobieta      0
Mê¿czyzna    1
NaN         -1
dtype: int64}]))),
                ('onehot_encoding',
                 TransformerWrapper(include=['age', 'edu_level', 'fav_animals',
                                             'fav_place'],
                                    transformer=OneHotEncoder(cols=['age',
                                                                    'edu_level',
                                                                    'fav_animals',
                                                                    'fav_place'],
                                                              handle_missing='return_nan',
                                                              use_cat_names=True))),
                ('trained_model', KMeans(n_clusters=5, random_state=46))]), ml_usecase=None)
2026-10-04 13:38:41,559:INFO:Set up data.
2026-10-04 13:38:41,832:INFO:Initializing predict_model()
2026-10-04 13:38:41,832:INFO:predict_model(self=<pycaret.clustering.oop.ClusteringExperiment object at 0x00000256758D7B90>, estimator=Pipeline(memory=Memory(location=None),
         steps=[('numerical_imputer',
                 TransformerWrapper(include=[], transformer=SimpleImputer())),
                ('categorical_imputer',
                 TransformerWrapper(include=['age', 'edu_level', 'fav_animals',
                                             'fav_place', 'gender'],
                                    transformer=SimpleImputer(strategy='most_frequent'))),
                ('ordinal_encoding',
                 TransformerWrapper(include=['gender'],
                                    transfo...
                                                               mapping=[{'col': 'gender',
                                                                         'data_type': dtype('O'),
                                                                         'mapping': Kobieta      0
Mê¿czyzna    1
NaN         -1
dtype: int64}]))),
                ('onehot_encoding',
                 TransformerWrapper(include=['age', 'edu_level', 'fav_animals',
                                             'fav_place'],
                                    transformer=OneHotEncoder(cols=['age',
                                                                    'edu_level',
                                                                    'fav_animals',
                                                                    'fav_place'],
                                                              handle_missing='return_nan',
                                                              use_cat_names=True))),
                ('trained_model', KMeans(n_clusters=5, random_state=46))]), ml_usecase=None)
2026-10-04 13:38:41,832:INFO:Set up data.
2026-10-04 13:38:56,763:INFO:Initializing predict_model()
2026-10-04 13:38:56,765:INFO:predict_model(self=<pycaret.clustering.oop.ClusteringExperiment object at 0x0000025664D8EA90>, estimator=Pipeline(memory=Memory(location=None),
         steps=[('numerical_imputer',
                 TransformerWrapper(include=[], transformer=SimpleImputer())),
                ('categorical_imputer',
                 TransformerWrapper(include=['age', 'edu_level', 'fav_animals',
                                             'fav_place', 'gender'],
                                    transformer=SimpleImputer(strategy='most_frequent'))),
                ('ordinal_encoding',
                 TransformerWrapper(include=['gender'],
                                    transfo...
                                                               mapping=[{'col': 'gender',
                                                                         'data_type': dtype('O'),
                                                                         'mapping': Kobieta      0
Mê¿czyzna    1
NaN         -1
dtype: int64}]))),
                ('onehot_encoding',
                 TransformerWrapper(include=['age', 'edu_level', 'fav_animals',
                                             'fav_place'],
                                    transformer=OneHotEncoder(cols=['age',
                                                                    'edu_level',
                                                                    'fav_animals',
                                                                    'fav_place'],
                                                              handle_missing='return_nan',
                                                              use_cat_names=True))),
                ('trained_model', KMeans(n_clusters=5, random_state=46))]), ml_usecase=None)
2026-10-04 13:38:56,765:INFO:Set up data.
2026-10-04 13:39:00,982:INFO:Initializing predict_model()
2026-10-04 13:39:00,982:INFO:predict_model(self=<pycaret.clustering.oop.ClusteringExperiment object at 0x0000025675748790>, estimator=Pipeline(memory=Memory(location=None),
         steps=[('numerical_imputer',
                 TransformerWrapper(include=[], transformer=SimpleImputer())),
                ('categorical_imputer',
                 TransformerWrapper(include=['age', 'edu_level', 'fav_animals',
                                             'fav_place', 'gender'],
                                    transformer=SimpleImputer(strategy='most_frequent'))),
                ('ordinal_encoding',
                 TransformerWrapper(include=['gender'],
                                    transfo...
                                                               mapping=[{'col': 'gender',
                                                                         'data_type': dtype('O'),
                                                                         'mapping': Kobieta      0
Mê¿czyzna    1
NaN         -1
dtype: int64}]))),
                ('onehot_encoding',
                 TransformerWrapper(include=['age', 'edu_level', 'fav_animals',
                                             'fav_place'],
                                    transformer=OneHotEncoder(cols=['age',
                                                                    'edu_level',
                                                                    'fav_animals',
                                                                    'fav_place'],
                                                              handle_missing='return_nan',
                                                              use_cat_names=True))),
                ('trained_model', KMeans(n_clusters=5, random_state=46))]), ml_usecase=None)
2026-10-04 13:39:00,982:INFO:Set up data.
2026-10-04 13:39:05,576:INFO:Initializing predict_model()
2026-10-04 13:39:05,577:INFO:predict_model(self=<pycaret.clustering.oop.ClusteringExperiment object at 0x00000256753ED850>, estimator=Pipeline(memory=Memory(location=None),
         steps=[('numerical_imputer',
                 TransformerWrapper(include=[], transformer=SimpleImputer())),
                ('categorical_imputer',
                 TransformerWrapper(include=['age', 'edu_level', 'fav_animals',
                                             'fav_place', 'gender'],
                                    transformer=SimpleImputer(strategy='most_frequent'))),
                ('ordinal_encoding',
                 TransformerWrapper(include=['gender'],
                                    transfo...
                                                               mapping=[{'col': 'gender',
                                                                         'data_type': dtype('O'),
                                                                         'mapping': Kobieta      0
Mê¿czyzna    1
NaN         -1
dtype: int64}]))),
                ('onehot_encoding',
                 TransformerWrapper(include=['age', 'edu_level', 'fav_animals',
                                             'fav_place'],
                                    transformer=OneHotEncoder(cols=['age',
                                                                    'edu_level',
                                                                    'fav_animals',
                                                                    'fav_place'],
                                                              handle_missing='return_nan',
                                                              use_cat_names=True))),
                ('trained_model', KMeans(n_clusters=5, random_state=46))]), ml_usecase=None)
2026-10-04 13:39:05,577:INFO:Set up data.
2026-10-04 13:39:08,510:INFO:Initializing predict_model()
2026-10-04 13:39:08,510:INFO:predict_model(self=<pycaret.clustering.oop.ClusteringExperiment object at 0x0000025678207B90>, estimator=Pipeline(memory=Memory(location=None),
         steps=[('numerical_imputer',
                 TransformerWrapper(include=[], transformer=SimpleImputer())),
                ('categorical_imputer',
                 TransformerWrapper(include=['age', 'edu_level', 'fav_animals',
                                             'fav_place', 'gender'],
                                    transformer=SimpleImputer(strategy='most_frequent'))),
                ('ordinal_encoding',
                 TransformerWrapper(include=['gender'],
                                    transfo...
                                                               mapping=[{'col': 'gender',
                                                                         'data_type': dtype('O'),
                                                                         'mapping': Kobieta      0
Mê¿czyzna    1
NaN         -1
dtype: int64}]))),
                ('onehot_encoding',
                 TransformerWrapper(include=['age', 'edu_level', 'fav_animals',
                                             'fav_place'],
                                    transformer=OneHotEncoder(cols=['age',
                                                                    'edu_level',
                                                                    'fav_animals',
                                                                    'fav_place'],
                                                              handle_missing='return_nan',
                                                              use_cat_names=True))),
                ('trained_model', KMeans(n_clusters=5, random_state=46))]), ml_usecase=None)
2026-10-04 13:39:08,510:INFO:Set up data.
2026-10-04 13:39:36,447:INFO:Initializing predict_model()
2026-10-04 13:39:36,448:INFO:predict_model(self=<pycaret.clustering.oop.ClusteringExperiment object at 0x000002567824A790>, estimator=Pipeline(memory=Memory(location=None),
         steps=[('numerical_imputer',
                 TransformerWrapper(include=[], transformer=SimpleImputer())),
                ('categorical_imputer',
                 TransformerWrapper(include=['age', 'edu_level', 'fav_animals',
                                             'fav_place', 'gender'],
                                    transformer=SimpleImputer(strategy='most_frequent'))),
                ('ordinal_encoding',
                 TransformerWrapper(include=['gender'],
                                    transfo...
                                                               mapping=[{'col': 'gender',
                                                                         'data_type': dtype('O'),
                                                                         'mapping': Kobieta      0
Mê¿czyzna    1
NaN         -1
dtype: int64}]))),
                ('onehot_encoding',
                 TransformerWrapper(include=['age', 'edu_level', 'fav_animals',
                                             'fav_place'],
                                    transformer=OneHotEncoder(cols=['age',
                                                                    'edu_level',
                                                                    'fav_animals',
                                                                    'fav_place'],
                                                              handle_missing='return_nan',
                                                              use_cat_names=True))),
                ('trained_model', KMeans(n_clusters=5, random_state=46))]), ml_usecase=None)
2026-10-04 13:39:36,448:INFO:Set up data.
2026-10-04 13:39:48,505:INFO:Initializing predict_model()
2026-10-04 13:39:48,506:INFO:predict_model(self=<pycaret.clustering.oop.ClusteringExperiment object at 0x00000256782A1490>, estimator=Pipeline(memory=Memory(location=None),
         steps=[('numerical_imputer',
                 TransformerWrapper(include=[], transformer=SimpleImputer())),
                ('categorical_imputer',
                 TransformerWrapper(include=['age', 'edu_level', 'fav_animals',
                                             'fav_place', 'gender'],
                                    transformer=SimpleImputer(strategy='most_frequent'))),
                ('ordinal_encoding',
                 TransformerWrapper(include=['gender'],
                                    transfo...
                                                               mapping=[{'col': 'gender',
                                                                         'data_type': dtype('O'),
                                                                         'mapping': Kobieta      0
Mê¿czyzna    1
NaN         -1
dtype: int64}]))),
                ('onehot_encoding',
                 TransformerWrapper(include=['age', 'edu_level', 'fav_animals',
                                             'fav_place'],
                                    transformer=OneHotEncoder(cols=['age',
                                                                    'edu_level',
                                                                    'fav_animals',
                                                                    'fav_place'],
                                                              handle_missing='return_nan',
                                                              use_cat_names=True))),
                ('trained_model', KMeans(n_clusters=5, random_state=46))]), ml_usecase=None)
2026-10-04 13:39:48,506:INFO:Set up data.
2026-10-04 13:39:59,605:INFO:Initializing predict_model()
2026-10-04 13:39:59,605:INFO:predict_model(self=<pycaret.clustering.oop.ClusteringExperiment object at 0x0000025664D8EB10>, estimator=Pipeline(memory=Memory(location=None),
         steps=[('numerical_imputer',
                 TransformerWrapper(include=[], transformer=SimpleImputer())),
                ('categorical_imputer',
                 TransformerWrapper(include=['age', 'edu_level', 'fav_animals',
                                             'fav_place', 'gender'],
                                    transformer=SimpleImputer(strategy='most_frequent'))),
                ('ordinal_encoding',
                 TransformerWrapper(include=['gender'],
                                    transfo...
                                                               mapping=[{'col': 'gender',
                                                                         'data_type': dtype('O'),
                                                                         'mapping': Kobieta      0
Mê¿czyzna    1
NaN         -1
dtype: int64}]))),
                ('onehot_encoding',
                 TransformerWrapper(include=['age', 'edu_level', 'fav_animals',
                                             'fav_place'],
                                    transformer=OneHotEncoder(cols=['age',
                                                                    'edu_level',
                                                                    'fav_animals',
                                                                    'fav_place'],
                                                              handle_missing='return_nan',
                                                              use_cat_names=True))),
                ('trained_model', KMeans(n_clusters=5, random_state=46))]), ml_usecase=None)
2026-10-04 13:39:59,605:INFO:Set up data.
2026-10-04 13:40:06,102:INFO:Initializing predict_model()
2026-10-04 13:40:06,102:INFO:predict_model(self=<pycaret.clustering.oop.ClusteringExperiment object at 0x000002567565D890>, estimator=Pipeline(memory=Memory(location=None),
         steps=[('numerical_imputer',
                 TransformerWrapper(include=[], transformer=SimpleImputer())),
                ('categorical_imputer',
                 TransformerWrapper(include=['age', 'edu_level', 'fav_animals',
                                             'fav_place', 'gender'],
                                    transformer=SimpleImputer(strategy='most_frequent'))),
                ('ordinal_encoding',
                 TransformerWrapper(include=['gender'],
                                    transfo...
                                                               mapping=[{'col': 'gender',
                                                                         'data_type': dtype('O'),
                                                                         'mapping': Kobieta      0
Mê¿czyzna    1
NaN         -1
dtype: int64}]))),
                ('onehot_encoding',
                 TransformerWrapper(include=['age', 'edu_level', 'fav_animals',
                                             'fav_place'],
                                    transformer=OneHotEncoder(cols=['age',
                                                                    'edu_level',
                                                                    'fav_animals',
                                                                    'fav_place'],
                                                              handle_missing='return_nan',
                                                              use_cat_names=True))),
                ('trained_model', KMeans(n_clusters=5, random_state=46))]), ml_usecase=None)
2026-10-04 13:40:06,102:INFO:Set up data.
2026-10-04 13:40:09,925:INFO:Initializing predict_model()
2026-10-04 13:40:09,925:INFO:predict_model(self=<pycaret.clustering.oop.ClusteringExperiment object at 0x0000025664EBC2D0>, estimator=Pipeline(memory=Memory(location=None),
         steps=[('numerical_imputer',
                 TransformerWrapper(include=[], transformer=SimpleImputer())),
                ('categorical_imputer',
                 TransformerWrapper(include=['age', 'edu_level', 'fav_animals',
                                             'fav_place', 'gender'],
                                    transformer=SimpleImputer(strategy='most_frequent'))),
                ('ordinal_encoding',
                 TransformerWrapper(include=['gender'],
                                    transfo...
                                                               mapping=[{'col': 'gender',
                                                                         'data_type': dtype('O'),
                                                                         'mapping': Kobieta      0
Mê¿czyzna    1
NaN         -1
dtype: int64}]))),
                ('onehot_encoding',
                 TransformerWrapper(include=['age', 'edu_level', 'fav_animals',
                                             'fav_place'],
                                    transformer=OneHotEncoder(cols=['age',
                                                                    'edu_level',
                                                                    'fav_animals',
                                                                    'fav_place'],
                                                              handle_missing='return_nan',
                                                              use_cat_names=True))),
                ('trained_model', KMeans(n_clusters=5, random_state=46))]), ml_usecase=None)
2026-10-04 13:40:09,925:INFO:Set up data.
2026-10-04 13:40:35,050:INFO:Initializing predict_model()
2026-10-04 13:40:35,050:INFO:predict_model(self=<pycaret.clustering.oop.ClusteringExperiment object at 0x00000256758E1BD0>, estimator=Pipeline(memory=Memory(location=None),
         steps=[('numerical_imputer',
                 TransformerWrapper(include=[], transformer=SimpleImputer())),
                ('categorical_imputer',
                 TransformerWrapper(include=['age', 'edu_level', 'fav_animals',
                                             'fav_place', 'gender'],
                                    transformer=SimpleImputer(strategy='most_frequent'))),
                ('ordinal_encoding',
                 TransformerWrapper(include=['gender'],
                                    transfo...
                                                               mapping=[{'col': 'gender',
                                                                         'data_type': dtype('O'),
                                                                         'mapping': Kobieta      0
Mê¿czyzna    1
NaN         -1
dtype: int64}]))),
                ('onehot_encoding',
                 TransformerWrapper(include=['age', 'edu_level', 'fav_animals',
                                             'fav_place'],
                                    transformer=OneHotEncoder(cols=['age',
                                                                    'edu_level',
                                                                    'fav_animals',
                                                                    'fav_place'],
                                                              handle_missing='return_nan',
                                                              use_cat_names=True))),
                ('trained_model', KMeans(n_clusters=5, random_state=46))]), ml_usecase=None)
2026-10-04 13:40:35,051:INFO:Set up data.
2026-10-04 13:40:39,116:INFO:Initializing predict_model()
2026-10-04 13:40:39,116:INFO:predict_model(self=<pycaret.clustering.oop.ClusteringExperiment object at 0x00000256758DC150>, estimator=Pipeline(memory=Memory(location=None),
         steps=[('numerical_imputer',
                 TransformerWrapper(include=[], transformer=SimpleImputer())),
                ('categorical_imputer',
                 TransformerWrapper(include=['age', 'edu_level', 'fav_animals',
                                             'fav_place', 'gender'],
                                    transformer=SimpleImputer(strategy='most_frequent'))),
                ('ordinal_encoding',
                 TransformerWrapper(include=['gender'],
                                    transfo...
                                                               mapping=[{'col': 'gender',
                                                                         'data_type': dtype('O'),
                                                                         'mapping': Kobieta      0
Mê¿czyzna    1
NaN         -1
dtype: int64}]))),
                ('onehot_encoding',
                 TransformerWrapper(include=['age', 'edu_level', 'fav_animals',
                                             'fav_place'],
                                    transformer=OneHotEncoder(cols=['age',
                                                                    'edu_level',
                                                                    'fav_animals',
                                                                    'fav_place'],
                                                              handle_missing='return_nan',
                                                              use_cat_names=True))),
                ('trained_model', KMeans(n_clusters=5, random_state=46))]), ml_usecase=None)
2026-10-04 13:40:39,116:INFO:Set up data.
2026-10-04 13:40:44,836:INFO:Initializing predict_model()
2026-10-04 13:40:44,836:INFO:predict_model(self=<pycaret.clustering.oop.ClusteringExperiment object at 0x00000256783BAF90>, estimator=Pipeline(memory=Memory(location=None),
         steps=[('numerical_imputer',
                 TransformerWrapper(include=[], transformer=SimpleImputer())),
                ('categorical_imputer',
                 TransformerWrapper(include=['age', 'edu_level', 'fav_animals',
                                             'fav_place', 'gender'],
                                    transformer=SimpleImputer(strategy='most_frequent'))),
                ('ordinal_encoding',
                 TransformerWrapper(include=['gender'],
                                    transfo...
                                                               mapping=[{'col': 'gender',
                                                                         'data_type': dtype('O'),
                                                                         'mapping': Kobieta      0
Mê¿czyzna    1
NaN         -1
dtype: int64}]))),
                ('onehot_encoding',
                 TransformerWrapper(include=['age', 'edu_level', 'fav_animals',
                                             'fav_place'],
                                    transformer=OneHotEncoder(cols=['age',
                                                                    'edu_level',
                                                                    'fav_animals',
                                                                    'fav_place'],
                                                              handle_missing='return_nan',
                                                              use_cat_names=True))),
                ('trained_model', KMeans(n_clusters=5, random_state=46))]), ml_usecase=None)
2026-10-04 13:40:44,836:INFO:Set up data.
2026-10-04 13:40:47,626:INFO:Initializing predict_model()
2026-10-04 13:40:47,627:INFO:predict_model(self=<pycaret.clustering.oop.ClusteringExperiment object at 0x0000025678257D90>, estimator=Pipeline(memory=Memory(location=None),
         steps=[('numerical_imputer',
                 TransformerWrapper(include=[], transformer=SimpleImputer())),
                ('categorical_imputer',
                 TransformerWrapper(include=['age', 'edu_level', 'fav_animals',
                                             'fav_place', 'gender'],
                                    transformer=SimpleImputer(strategy='most_frequent'))),
                ('ordinal_encoding',
                 TransformerWrapper(include=['gender'],
                                    transfo...
                                                               mapping=[{'col': 'gender',
                                                                         'data_type': dtype('O'),
                                                                         'mapping': Kobieta      0
Mê¿czyzna    1
NaN         -1
dtype: int64}]))),
                ('onehot_encoding',
                 TransformerWrapper(include=['age', 'edu_level', 'fav_animals',
                                             'fav_place'],
                                    transformer=OneHotEncoder(cols=['age',
                                                                    'edu_level',
                                                                    'fav_animals',
                                                                    'fav_place'],
                                                              handle_missing='return_nan',
                                                              use_cat_names=True))),
                ('trained_model', KMeans(n_clusters=5, random_state=46))]), ml_usecase=None)
2026-10-04 13:40:47,627:INFO:Set up data.
2026-10-04 13:40:50,695:INFO:Initializing predict_model()
2026-10-04 13:40:50,695:INFO:predict_model(self=<pycaret.clustering.oop.ClusteringExperiment object at 0x00000256758F56D0>, estimator=Pipeline(memory=Memory(location=None),
         steps=[('numerical_imputer',
                 TransformerWrapper(include=[], transformer=SimpleImputer())),
                ('categorical_imputer',
                 TransformerWrapper(include=['age', 'edu_level', 'fav_animals',
                                             'fav_place', 'gender'],
                                    transformer=SimpleImputer(strategy='most_frequent'))),
                ('ordinal_encoding',
                 TransformerWrapper(include=['gender'],
                                    transfo...
                                                               mapping=[{'col': 'gender',
                                                                         'data_type': dtype('O'),
                                                                         'mapping': Kobieta      0
Mê¿czyzna    1
NaN         -1
dtype: int64}]))),
                ('onehot_encoding',
                 TransformerWrapper(include=['age', 'edu_level', 'fav_animals',
                                             'fav_place'],
                                    transformer=OneHotEncoder(cols=['age',
                                                                    'edu_level',
                                                                    'fav_animals',
                                                                    'fav_place'],
                                                              handle_missing='return_nan',
                                                              use_cat_names=True))),
                ('trained_model', KMeans(n_clusters=5, random_state=46))]), ml_usecase=None)
2026-10-04 13:40:50,695:INFO:Set up data.
2026-10-04 14:53:15,328:INFO:Initializing predict_model()
2026-10-04 14:53:15,329:INFO:predict_model(self=<pycaret.clustering.oop.ClusteringExperiment object at 0x00000256758F9C90>, estimator=Pipeline(memory=Memory(location=None),
         steps=[('numerical_imputer',
                 TransformerWrapper(include=[], transformer=SimpleImputer())),
                ('categorical_imputer',
                 TransformerWrapper(include=['age', 'edu_level', 'fav_animals',
                                             'fav_place', 'gender'],
                                    transformer=SimpleImputer(strategy='most_frequent'))),
                ('ordinal_encoding',
                 TransformerWrapper(include=['gender'],
                                    transfo...
                                                               mapping=[{'col': 'gender',
                                                                         'data_type': dtype('O'),
                                                                         'mapping': Kobieta      0
Mê¿czyzna    1
NaN         -1
dtype: int64}]))),
                ('onehot_encoding',
                 TransformerWrapper(include=['age', 'edu_level', 'fav_animals',
                                             'fav_place'],
                                    transformer=OneHotEncoder(cols=['age',
                                                                    'edu_level',
                                                                    'fav_animals',
                                                                    'fav_place'],
                                                              handle_missing='return_nan',
                                                              use_cat_names=True))),
                ('trained_model', KMeans(n_clusters=5, random_state=46))]), ml_usecase=None)
2026-10-04 14:53:15,365:INFO:Set up data.
2026-10-04 14:53:15,509:INFO:Initializing predict_model()
2026-10-04 14:53:15,509:INFO:predict_model(self=<pycaret.clustering.oop.ClusteringExperiment object at 0x0000025675935950>, estimator=Pipeline(memory=Memory(location=None),
         steps=[('numerical_imputer',
                 TransformerWrapper(include=[], transformer=SimpleImputer())),
                ('categorical_imputer',
                 TransformerWrapper(include=['age', 'edu_level', 'fav_animals',
                                             'fav_place', 'gender'],
                                    transformer=SimpleImputer(strategy='most_frequent'))),
                ('ordinal_encoding',
                 TransformerWrapper(include=['gender'],
                                    transfo...
                                                               mapping=[{'col': 'gender',
                                                                         'data_type': dtype('O'),
                                                                         'mapping': Kobieta      0
Mê¿czyzna    1
NaN         -1
dtype: int64}]))),
                ('onehot_encoding',
                 TransformerWrapper(include=['age', 'edu_level', 'fav_animals',
                                             'fav_place'],
                                    transformer=OneHotEncoder(cols=['age',
                                                                    'edu_level',
                                                                    'fav_animals',
                                                                    'fav_place'],
                                                              handle_missing='return_nan',
                                                              use_cat_names=True))),
                ('trained_model', KMeans(n_clusters=5, random_state=46))]), ml_usecase=None)
2026-10-04 14:53:15,509:INFO:Set up data.
2026-10-04 14:54:00,488:INFO:Initializing predict_model()
2026-10-04 14:54:00,488:INFO:predict_model(self=<pycaret.clustering.oop.ClusteringExperiment object at 0x00000256759206D0>, estimator=Pipeline(memory=Memory(location=None),
         steps=[('numerical_imputer',
                 TransformerWrapper(include=[], transformer=SimpleImputer())),
                ('categorical_imputer',
                 TransformerWrapper(include=['age', 'edu_level', 'fav_animals',
                                             'fav_place', 'gender'],
                                    transformer=SimpleImputer(strategy='most_frequent'))),
                ('ordinal_encoding',
                 TransformerWrapper(include=['gender'],
                                    transfo...
                                                               mapping=[{'col': 'gender',
                                                                         'data_type': dtype('O'),
                                                                         'mapping': Kobieta      0
Mê¿czyzna    1
NaN         -1
dtype: int64}]))),
                ('onehot_encoding',
                 TransformerWrapper(include=['age', 'edu_level', 'fav_animals',
                                             'fav_place'],
                                    transformer=OneHotEncoder(cols=['age',
                                                                    'edu_level',
                                                                    'fav_animals',
                                                                    'fav_place'],
                                                              handle_missing='return_nan',
                                                              use_cat_names=True))),
                ('trained_model', KMeans(n_clusters=5, random_state=46))]), ml_usecase=None)
2026-10-04 14:54:00,488:INFO:Set up data.
2026-10-04 14:54:05,018:INFO:Initializing predict_model()
2026-10-04 14:54:05,018:INFO:predict_model(self=<pycaret.clustering.oop.ClusteringExperiment object at 0x0000025678439750>, estimator=Pipeline(memory=Memory(location=None),
         steps=[('numerical_imputer',
                 TransformerWrapper(include=[], transformer=SimpleImputer())),
                ('categorical_imputer',
                 TransformerWrapper(include=['age', 'edu_level', 'fav_animals',
                                             'fav_place', 'gender'],
                                    transformer=SimpleImputer(strategy='most_frequent'))),
                ('ordinal_encoding',
                 TransformerWrapper(include=['gender'],
                                    transfo...
                                                               mapping=[{'col': 'gender',
                                                                         'data_type': dtype('O'),
                                                                         'mapping': Kobieta      0
Mê¿czyzna    1
NaN         -1
dtype: int64}]))),
                ('onehot_encoding',
                 TransformerWrapper(include=['age', 'edu_level', 'fav_animals',
                                             'fav_place'],
                                    transformer=OneHotEncoder(cols=['age',
                                                                    'edu_level',
                                                                    'fav_animals',
                                                                    'fav_place'],
                                                              handle_missing='return_nan',
                                                              use_cat_names=True))),
                ('trained_model', KMeans(n_clusters=5, random_state=46))]), ml_usecase=None)
2026-10-04 14:54:05,018:INFO:Set up data.
2026-10-04 14:54:08,656:INFO:Initializing predict_model()
2026-10-04 14:54:08,656:INFO:predict_model(self=<pycaret.clustering.oop.ClusteringExperiment object at 0x0000025678401F50>, estimator=Pipeline(memory=Memory(location=None),
         steps=[('numerical_imputer',
                 TransformerWrapper(include=[], transformer=SimpleImputer())),
                ('categorical_imputer',
                 TransformerWrapper(include=['age', 'edu_level', 'fav_animals',
                                             'fav_place', 'gender'],
                                    transformer=SimpleImputer(strategy='most_frequent'))),
                ('ordinal_encoding',
                 TransformerWrapper(include=['gender'],
                                    transfo...
                                                               mapping=[{'col': 'gender',
                                                                         'data_type': dtype('O'),
                                                                         'mapping': Kobieta      0
Mê¿czyzna    1
NaN         -1
dtype: int64}]))),
                ('onehot_encoding',
                 TransformerWrapper(include=['age', 'edu_level', 'fav_animals',
                                             'fav_place'],
                                    transformer=OneHotEncoder(cols=['age',
                                                                    'edu_level',
                                                                    'fav_animals',
                                                                    'fav_place'],
                                                              handle_missing='return_nan',
                                                              use_cat_names=True))),
                ('trained_model', KMeans(n_clusters=5, random_state=46))]), ml_usecase=None)
2026-10-04 14:54:08,656:INFO:Set up data.
2026-10-04 14:54:12,199:INFO:Initializing predict_model()
2026-10-04 14:54:12,199:INFO:predict_model(self=<pycaret.clustering.oop.ClusteringExperiment object at 0x00000256753E66D0>, estimator=Pipeline(memory=Memory(location=None),
         steps=[('numerical_imputer',
                 TransformerWrapper(include=[], transformer=SimpleImputer())),
                ('categorical_imputer',
                 TransformerWrapper(include=['age', 'edu_level', 'fav_animals',
                                             'fav_place', 'gender'],
                                    transformer=SimpleImputer(strategy='most_frequent'))),
                ('ordinal_encoding',
                 TransformerWrapper(include=['gender'],
                                    transfo...
                                                               mapping=[{'col': 'gender',
                                                                         'data_type': dtype('O'),
                                                                         'mapping': Kobieta      0
Mê¿czyzna    1
NaN         -1
dtype: int64}]))),
                ('onehot_encoding',
                 TransformerWrapper(include=['age', 'edu_level', 'fav_animals',
                                             'fav_place'],
                                    transformer=OneHotEncoder(cols=['age',
                                                                    'edu_level',
                                                                    'fav_animals',
                                                                    'fav_place'],
                                                              handle_missing='return_nan',
                                                              use_cat_names=True))),
                ('trained_model', KMeans(n_clusters=5, random_state=46))]), ml_usecase=None)
2026-10-04 14:54:12,199:INFO:Set up data.
2026-10-04 14:54:15,838:INFO:Initializing predict_model()
2026-10-04 14:54:15,839:INFO:predict_model(self=<pycaret.clustering.oop.ClusteringExperiment object at 0x0000025675A312D0>, estimator=Pipeline(memory=Memory(location=None),
         steps=[('numerical_imputer',
                 TransformerWrapper(include=[], transformer=SimpleImputer())),
                ('categorical_imputer',
                 TransformerWrapper(include=['age', 'edu_level', 'fav_animals',
                                             'fav_place', 'gender'],
                                    transformer=SimpleImputer(strategy='most_frequent'))),
                ('ordinal_encoding',
                 TransformerWrapper(include=['gender'],
                                    transfo...
                                                               mapping=[{'col': 'gender',
                                                                         'data_type': dtype('O'),
                                                                         'mapping': Kobieta      0
Mê¿czyzna    1
NaN         -1
dtype: int64}]))),
                ('onehot_encoding',
                 TransformerWrapper(include=['age', 'edu_level', 'fav_animals',
                                             'fav_place'],
                                    transformer=OneHotEncoder(cols=['age',
                                                                    'edu_level',
                                                                    'fav_animals',
                                                                    'fav_place'],
                                                              handle_missing='return_nan',
                                                              use_cat_names=True))),
                ('trained_model', KMeans(n_clusters=5, random_state=46))]), ml_usecase=None)
2026-10-04 14:54:15,839:INFO:Set up data.
